<?xml version="1.0" encoding="UTF-8"?>
<project-private xmlns="http://www.netbeans.org/ns/project-private/1">
    <editor-bookmarks xmlns="http://www.netbeans.org/ns/editor-bookmarks/2" lastBookmarkId="0"/>
    <open-files xmlns="http://www.netbeans.org/ns/projectui-open-files/2">
        <group>
            <file>file:/D:/08_Programming/W4/C109118110_W4/src/homework/P5_11.java</file>
            <file>file:/D:/08_Programming/W4/C109118110_W4/src/homework/P5_3.java</file>
            <file>file:/D:/08_Programming/W4/C109118110_W4/src/homework/P3_4.java</file>
            <file>file:/D:/08_Programming/W4/C109118110_W4/src/homework/P5_10.java</file>
            <file>file:/D:/08_Programming/W4/C109118110_W4/src/homework/P3_3.java</file>
            <file>file:/D:/08_Programming/W4/C109118110_W4/src/homework/P3_17.java</file>
            <file>file:/D:/08_Programming/W4/C109118110_W4/src/homework/P3_29.java</file>
        </group>
    </open-files>
</project-private>
