<?xml version="1.0" encoding="UTF-8"?>
<project-private xmlns="http://www.netbeans.org/ns/project-private/1">
    <editor-bookmarks xmlns="http://www.netbeans.org/ns/editor-bookmarks/2" lastBookmarkId="0"/>
    <open-files xmlns="http://www.netbeans.org/ns/projectui-open-files/2">
        <group>
            <file>file:/D:/08_Programming/W5/C109118110_W5/src/homework/P5_17.java</file>
            <file>file:/D:/08_Programming/W5/C109118110_W5/src/homework/P5_51.java</file>
            <file>file:/D:/08_Programming/W5/C109118110_W5/src/homework/P5_24.java</file>
            <file>file:/D:/08_Programming/W5/C109118110_W5/src/homework/P5_27.java</file>
            <file>file:/D:/08_Programming/W5/C109118110_W5/src/homework/P5_40.java</file>
            <file>file:/D:/08_Programming/W5/C109118110_W5/src/homework/P5_18.java</file>
            <file>file:/D:/08_Programming/W5/C109118110_W5/src/homework/P5_13.java</file>
        </group>
    </open-files>
</project-private>
