<?xml version="1.0" encoding="UTF-8"?>
<project-private xmlns="http://www.netbeans.org/ns/project-private/1">
    <editor-bookmarks xmlns="http://www.netbeans.org/ns/editor-bookmarks/2" lastBookmarkId="0"/>
    <open-files xmlns="http://www.netbeans.org/ns/projectui-open-files/2">
        <group>
            <file>file:/D:/08_Programming/W3/C109118110_W3/src/homework/P3_18.java</file>
            <file>file:/D:/08_Programming/W3/C109118110_W3/src/homework/P3_12.java</file>
            <file>file:/D:/08_Programming/W3/C109118110_W3/src/homework/P3_8.java</file>
            <file>file:/D:/08_Programming/W3/C109118110_W3/src/homework/P3_9.java</file>
            <file>file:/D:/08_Programming/W3/C109118110_W3/src/homework/P3_1.java</file>
            <file>file:/D:/08_Programming/W3/C109118110_W3/src/homework/P3_22.java</file>
        </group>
    </open-files>
</project-private>
